model,iou,precision,recall,f1,mae
baseline,0.3412478401472694,0.49516892433166504,0.5923948585987091,0.5168370745683971,0.3063383565137261
