model,iou,precision,recall,f1,mae
improved,0.537026341024198,0.667645441858392,0.7502822813234831,0.6960834892172563,0.2027868604973743
